"Domain","Available","Premium","Price"
"technopulse.xyz","taken","",""
"technopulse.me","available","","₹426.57"
"technopulse.design","available","","₹426.57"
"technopulse.club","available","","₹84.88"
"technopulse.studio","available","","₹1,514.77"
"technopulse.digital","available","","₹216.19"
"technopulse.live","available","","₹216.19"
"technopulse.life","available","","₹216.19"
"technopulse.blog","available","","₹506.37"
"technopulse.co.uk","available","","₹506.37"
"technopulse.cx","available","","₹1,442.23"
"technopulse.ac","available","","₹2,610.22"
"technopulse.mx","available","","₹796.56"
"technopulse.gdn","available","","₹861.85"
"technopulse.uk","available","","₹506.37"
"technopulse.fit","available","","₹266.97"
"technopulse.fyi","available","","₹433.83"
"technopulse.icu","available","","₹94.31"
"technopulse.net","taken","",""
"technopulse.dev","available","","₹1,086.75"
"technopulse.ai","available","","₹5,076.81"
"technopulse.org","available","","₹665.98"
"technopulse.bar","available","","₹108.82"
"technopulse.cab","available","","₹2,022.60"
"technopulse.care","available","","₹869.11"
"technopulse.casino","available","","₹869.11"
"technopulse.catering","available","","₹252.46"
"technopulse.cleaning","available","","₹252.46"
"technopulse.consulting","available","","₹869.11"
"technopulse.contact","available","","₹644.21"
"technopulse.contractors","available","","₹252.46"
"technopulse.delivery","available","","₹506.37"
"technopulse.equipment","available","","₹1,195.57"
"technopulse.events","available","","₹651.47"
"technopulse.exchange","available","","₹651.47"
"technopulse.express","available","","₹433.83"
"technopulse.florist","available","","₹2,022.60"
"technopulse.garden","available","","₹1,877.50"
"technopulse.help","available","","₹716.76"
"technopulse.host","available","","₹506.37"
"technopulse.ink","available","","₹506.37"
"technopulse.international","available","","₹506.37"
"technopulse.legal","available","","₹3,183.34"
"technopulse.limo","available","","₹3,255.89"
"technopulse.makeup","available","","₹941.65"
"technopulse.plumbing","available","","₹3,183.34"
"technopulse.repair","available","","₹433.83"
"technopulse.services","available","","₹361.28"
"technopulse.solutions","available","","₹252.46"
"technopulse.supplies","available","","₹1,195.57"
"technopulse.supply","available","","₹1,195.57"
"technopulse.support","available","","₹361.28"
"technopulse.taxi","available","","₹651.47"
"technopulse.trade","available","","₹288.74"
"technopulse.vip","available","","₹303.24"
"technopulse.work","available","","₹144.37"
"technopulse.hair","available","","₹941.65"
"technopulse.app","available","","₹1,086.75"
"technopulse.cloud","taken","",""
"technopulse.codes","available","","₹361.28"
"technopulse.computer","available","","₹869.11"
"technopulse.directory","available","","₹252.46"
"technopulse.domains","available","","₹2,022.60"
"technopulse.download","available","","₹288.74"
"technopulse.email","available","","₹216.19"
"technopulse.gg","available","","₹4,997.01"
"technopulse.guru","available","","₹216.19"
"technopulse.io","available","","₹2,392.58"
"technopulse.link","available","","₹354.03"
"technopulse.mobi","available","","₹361.28"
"technopulse.network","available","","₹433.83"
"technopulse.onl","available","","₹934.40"
"technopulse.online","available","","₹179.92"
"technopulse.site","available","","₹158.88"
"technopulse.software","available","","₹869.11"
"technopulse.solar","available","","₹252.46"
"technopulse.stream","available","","₹288.74"
"technopulse.surf","available","","₹194.42"
"technopulse.systems","available","","₹361.28"
"technopulse.tech","taken","",""
"technopulse.technology","available","","₹361.28"
"technopulse.tel","available","","₹651.47"
"technopulse.tools","available","","₹506.37"
"technopulse.website","available","","₹144.37"
"technopulse.wiki","available","","₹506.37"
"technopulse.xn--6frz82g","available","","₹1,086.75"
"technopulse.asia","available","","₹361.28"
"technopulse.berlin","available","","₹3,625.88"
"technopulse.bz","available","","₹1,587.32"
"technopulse.ca","available","","₹869.11"
"technopulse.cc","available","","₹426.57"
"technopulse.ch","available","","₹1,304.39"
"technopulse.co","available","","₹578.92"
"technopulse.cymru","available","","₹934.40"
"technopulse.de","available","","₹499.12"
"technopulse.es","available","","₹1,522.03"
"technopulse.eu","available","","₹361.28"
"technopulse.fm","available","","₹5,722.47"
"technopulse.fr","available","","₹941.65"
"technopulse.hamburg","available","","₹3,836.26"
"technopulse.id","available","","₹1,442.23"
"technopulse.in","taken","",""
"technopulse.kiwi","available","","₹2,385.33"
"technopulse.krd","available","","₹2,530.42"
"technopulse.la","available","","₹2,385.33"
"technopulse.lat","available","","₹796.56"
"technopulse.li","available","","₹1,304.39"
"technopulse.london","available","","₹2,682.77"
"technopulse.melbourne","available","","₹1,449.48"
"technopulse.miami","available","","₹216.91"
"technopulse.nagoya","available","","₹861.85"
"technopulse.nl","available","","₹578.92"
"technopulse.nu","available","","₹2,240.24"
"technopulse.nyc","available","","₹1,159.29"
"technopulse.okinawa","available","","₹861.85"
"technopulse.osaka","available","","₹2,385.33"
"technopulse.paris","available","","₹4,561.73"
"technopulse.pe","available","","₹4,278.79"
"technopulse.ph","available","","₹3,836.26"
"technopulse.pw","available","","₹499.12"
"technopulse.ryukyu","available","","₹861.85"
"technopulse.sg","available","","₹3,263.87"
"technopulse.sh","available","","₹2,610.22"
"technopulse.so","available","","₹4,706.82"
"technopulse.sydney","available","","₹1,449.48"
"technopulse.to","available","","₹2,893.16"
"technopulse.tokyo","available","","₹861.85"
"technopulse.tv","available","","₹2,167.69"
"technopulse.vc","available","","₹2,385.33"
"technopulse.vegas","available","","₹1,449.48"
"technopulse.wales","available","","₹934.40"
"technopulse.ws","available","","₹651.47"
"technopulse.yokohama","available","","₹861.85"
"technopulse.us.com","available","","₹1,442.23"
"technopulse.uk.com","available","","₹2,312.78"
"technopulse.uk.net","available","","₹2,312.78"
"technopulse.cn.com","available","","₹1,369.68"
"technopulse.br.com","available","","₹3,110.80"
"technopulse.jpn.com","available","","₹2,820.61"
"technopulse.gb.net","available","","₹716.76"
"technopulse.ru.com","available","","₹2,820.61"
"technopulse.com.se","available","","₹716.76"
"technopulse.us","available","","₹281.48"
"technopulse.com.au","available","","₹1,231.84"
"technopulse.com.de","available","","₹354.03"
"technopulse.ae.org","available","","₹1,442.23"
"technopulse.africa","available","","₹1,369.68"
"technopulse.co.bz","available","","₹3,328.43"
"technopulse.co.com","available","","₹1,877.50"
"technopulse.za.com","available","","₹5,657.18"
"technopulse.us.org","available","","₹1,442.23"
"technopulse.se.net","available","","₹2,385.33"
"technopulse.com.mx","available","","₹1,587.32"
"technopulse.sa.com","available","","₹5,657.18"
"technopulse.com.vc","available","","₹2,385.33"
"technopulse.org.vc","available","","₹2,385.33"
"technopulse.de.com","available","","₹1,297.13"
"technopulse.eu.com","available","","₹1,297.13"
"technopulse.org.mx","available","","₹1,587.32"
"technopulse.net.vc","available","","₹2,385.33"
"technopulse.gr.com","available","","₹1,078.77"
"technopulse.mex.com","available","","₹934.40"
"technopulse.hu.net","available","","₹2,385.33"
"technopulse.in.net","available","","₹571.67"
"technopulse.jp.net","available","","₹644.21"
"technopulse.org.uk","available","","₹506.37"
"technopulse.me.uk","available","","₹506.37"
"technopulse.org.au","available","","₹1,231.84"
"technopulse.net.au","available","","₹1,376.93"
"technopulse.com.es","available","","₹724.01"
"technopulse.com.pe","available","","₹4,278.79"
"technopulse.com.sg","available","","₹3,263.87"
"technopulse.net.pe","available","","₹4,278.79"
"technopulse.org.es","available","","₹1,449.48"
"technopulse.org.pe","available","","₹4,278.79"
"technopulse.is","available","","₹2,457.88"
"technopulse.nom.es","available","","₹1,449.48"
"technopulse.boston","available","","₹1,006.95"
"technopulse.com.ph","available","","₹3,836.26"
"technopulse.net.ph","available","","₹3,836.26"
"technopulse.org.ph","available","","₹3,836.26"
"technopulse.co.in","available","","₹361.28"
"technopulse.academy","available","","₹869.11"
"technopulse.college","available","","₹1,449.48"
"technopulse.courses","available","","₹1,086.75"
"technopulse.degree","available","","₹2,893.16"
"technopulse.education","available","","₹1,369.68"
"technopulse.guide","available","","₹2,022.60"
"technopulse.how","available","","₹2,102.40"
"technopulse.info","available","","₹288.74"
"technopulse.institute","available","","₹433.83"
"technopulse.mba","available","","₹869.11"
"technopulse.page","available","","₹789.31"
"technopulse.report","available","","₹433.83"
"technopulse.review","available","","₹506.37"
"technopulse.reviews","available","","₹1,514.77"
"technopulse.school","available","","₹433.83"
"technopulse.school","available","","₹433.83"
"technopulse.schule","available","","₹1,369.68"
"technopulse.science","available","","₹506.37"
"technopulse.shiksha","available","","₹1,159.29"
"technopulse.study","available","","₹1,086.75"
"technopulse.tips","available","","₹651.47"
"technopulse.training","available","","₹869.11"
"technopulse.university","available","","₹3,183.34"
"technopulse.space","available","","₹136.39"
"technopulse.observer","available","","₹789.31"
"technopulse.accountant","available","","₹941.65"
"technopulse.accountants","available","","₹1,268.11"
"technopulse.auction","available","","₹2,022.60"
"technopulse.bargains","available","","₹651.47"
"technopulse.bid","available","","₹288.74"
"technopulse.bond","available","","₹144.37"
"technopulse.capital","available","","₹651.47"
"technopulse.cash","available","","₹361.28"
"technopulse.cheap","available","","₹433.83"
"technopulse.claims","available","","₹869.11"
"technopulse.credit","available","","₹506.37"
"technopulse.discount","available","","₹2,022.60"
"technopulse.estate","available","","₹433.83"
"technopulse.finance","available","","₹869.11"
"technopulse.financial","available","","₹869.11"
"technopulse.fund","available","","₹361.28"
"technopulse.gold","available","","₹433.83"
"technopulse.holdings","available","","₹433.83"
"technopulse.insure","available","","₹3,183.34"
"technopulse.investments","available","","₹869.11"
"technopulse.investments","available","","₹869.11"
"technopulse.loan","available","","₹288.74"
"technopulse.loans","available","","₹869.11"
"technopulse.money","available","","₹433.83"
"technopulse.mortgage","available","","₹2,893.16"
"technopulse.tax","available","","₹651.47"
"technopulse.ventures","available","","₹651.47"
"technopulse.attorney","available","","₹3,183.34"
"technopulse.beauty","available","","₹941.65"
"technopulse.careers","available","","₹433.83"
"technopulse.ceo","available","","₹2,829.31"
"technopulse.coach","available","","₹651.47"
"technopulse.cooking","available","","₹1,877.50"
"technopulse.dental","available","","₹3,183.34"
"technopulse.dentist","available","","₹3,183.34"
"technopulse.engineer","available","","₹2,022.60"
"technopulse.engineering","available","","₹651.47"
"technopulse.expert","available","","₹433.83"
"technopulse.law","available","","₹5,076.81"
"technopulse.lawyer","available","","₹3,183.34"
"technopulse.pro","available","","₹288.74"
"technopulse.vet","available","","₹2,022.60"
"technopulse.doctor","available","","₹869.11"
"technopulse.associates","available","","₹869.11"
"technopulse.biz","available","","₹354.03"
"technopulse.boutique","available","","₹252.46"
"technopulse.business","available","","₹571.67"
"technopulse.company","available","","₹571.67"
"technopulse.deals","available","","₹433.83"
"technopulse.enterprises","available","","₹433.83"
"technopulse.foundation","available","","₹506.37"
"technopulse.global","available","","₹1,449.48"
"technopulse.gmbh","available","","₹2,022.60"
"technopulse.group","available","","₹789.31"
"technopulse.industries","available","","₹433.83"
"technopulse.limited","available","","₹433.83"
"technopulse.ltd","available","","₹506.37"
"technopulse.ltda","available","","₹3,263.14"
"technopulse.management","available","","₹1,195.57"
"technopulse.partners","available","","₹869.11"
"technopulse.sarl","available","","₹2,022.60"
"technopulse.store","available","","₹208.93"
"technopulse.works","available","","₹288.74"
"technopulse.llc","available","","₹1,957.31"
"technopulse.actor","available","","₹869.11"
"technopulse.camera","available","","₹3,183.34"
"technopulse.chat","available","","₹651.47"
"technopulse.film","available","","₹5,649.92"
"technopulse.media","available","","₹361.28"
"technopulse.movie","available","","₹2,102.40"
"technopulse.productions","available","","₹433.83"
"technopulse.rocks","available","","₹361.28"
"technopulse.tube","available","","₹1,086.75"
"technopulse.video","available","","₹1,514.77"
"technopulse.watch","available","","₹433.83"
"technopulse.center","available","","₹506.37"
"technopulse.dance","available","","₹651.47"
"technopulse.desi","available","","₹1,369.68"
"technopulse.fashion","available","","₹1,877.50"
"technopulse.gallery","available","","₹1,369.68"
"technopulse.graphics","available","","₹1,195.57"
"technopulse.irish","available","","₹433.83"
"technopulse.photo","available","","₹716.76"
"technopulse.photography","available","","₹651.47"
"technopulse.photos","available","","₹252.46"
"technopulse.pictures","available","","₹716.76"
"technopulse.show","available","","₹433.83"
"technopulse.style","available","","₹651.47"
"technopulse.theater","available","","₹3,183.34"
"technopulse.yoga","available","","₹1,877.50"
"technopulse.agency","available","","₹252.46"
"technopulse.click","available","","₹354.03"
"technopulse.coupons","available","","₹651.47"
"technopulse.direct","available","","₹869.11"
"technopulse.gratis","available","","₹1,369.68"
"technopulse.market","available","","₹1,950.05"
"technopulse.marketing","available","","₹433.83"
"technopulse.social","available","","₹506.37"
"technopulse.apartments","available","","₹433.83"
"technopulse.casa","available","","₹144.37"
"technopulse.condos","available","","₹3,183.34"
"technopulse.construction","available","","₹252.46"
"technopulse.country","available","","₹716.76"
"technopulse.farm","available","","₹651.47"
"technopulse.forsale","available","","₹869.11"
"technopulse.haus","available","","₹869.11"
"technopulse.house","available","","₹651.47"
"technopulse.immo","available","","₹2,022.60"
"technopulse.immobilien","available","","₹2,022.60"
"technopulse.land","available","","₹869.11"
"technopulse.lease","available","","₹3,183.34"
"technopulse.maison","available","","₹3,183.34"
"technopulse.place","available","","₹934.40"
"technopulse.properties","available","","₹433.83"
"technopulse.rent","available","","₹1,449.48"
"technopulse.rentals","available","","₹433.83"
"technopulse.villas","available","","₹3,183.34"
"technopulse.best","available","","₹348.22"
"technopulse.cam","available","","₹179.92"
"technopulse.cyou","available","","₹130.58"
"technopulse.mom","available","","₹716.76"
"technopulse.one","available","","₹644.21"
"technopulse.rehab","available","","₹2,022.60"
"technopulse.top","available","","₹288.74"
"technopulse.wtf","available","","₹252.46"
"technopulse.eco","available","","₹4,706.82"
"technopulse.army","available","","₹869.11"
"technopulse.democrat","available","","₹2,022.60"
"technopulse.gripe","available","","₹2,022.60"
"technopulse.navy","available","","₹2,022.60"
"technopulse.republican","available","","₹2,022.60"
"technopulse.vote","available","","₹1,086.75"
"technopulse.voto","available","","₹1,086.75"
"technopulse.camp","available","","₹433.83"
"technopulse.church","available","","₹2,022.60"
"technopulse.community","available","","₹2,022.60"
"technopulse.team","available","","₹433.83"
"technopulse.clothing","available","","₹252.46"
"technopulse.gift","available","","₹1,224.59"
"technopulse.gifts","available","","₹252.46"
"technopulse.gives","available","","₹2,022.60"
"technopulse.green","available","","₹934.40"
"technopulse.kaufen","available","","₹2,022.60"
"technopulse.moda","available","","₹2,022.60"
"technopulse.sale","available","","₹433.83"
"technopulse.shop","available","","₹130.58"
"technopulse.shopping","available","","₹1,950.05"
"technopulse.tienda","available","","₹3,183.34"
"technopulse.bike","available","","₹651.47"
"technopulse.bingo","available","","₹3,183.34"
"technopulse.cards","available","","₹433.83"
"technopulse.cricket","available","","₹941.65"
"technopulse.fans","available","","₹789.31"
"technopulse.fishing","available","","₹1,877.50"
"technopulse.fitness","available","","₹433.83"
"technopulse.football","available","","₹252.46"
"technopulse.futbol","available","","₹789.31"
"technopulse.games","available","","₹1,224.59"
"technopulse.golf","available","","₹252.46"
"technopulse.hockey","available","","₹3,183.34"
"technopulse.horse","available","","₹1,877.50"
"technopulse.poker","available","","₹941.65"
"technopulse.quest","available","","₹941.65"
"technopulse.racing","available","","₹506.37"
"technopulse.rodeo","available","","₹470.10"
"technopulse.run","available","","₹252.46"
"technopulse.ski","available","","₹3,625.88"
"technopulse.soccer","available","","₹1,369.68"
"technopulse.tennis","available","","₹3,183.34"
"technopulse.diamonds","available","","₹3,183.34"
"technopulse.energy","available","","₹651.47"
"technopulse.furniture","available","","₹433.83"
"technopulse.glass","available","","₹3,183.34"
"technopulse.jewelry","available","","₹433.83"
"technopulse.lighting","available","","₹1,369.68"
"technopulse.parts","available","","₹869.11"
"technopulse.shoes","available","","₹1,703.39"
"technopulse.tires","available","","₹5,722.47"
"technopulse.toys","available","","₹869.11"
"technopulse.webcam","available","","₹506.37"
"technopulse.baby","available","","₹1,449.48"
"technopulse.kim","available","","₹361.28"
"technopulse.moe","available","","₹1,078.77"
"technopulse.name","available","","₹644.21"
"technopulse.soy","available","","₹1,884.76"
"technopulse.bio","available","","₹5,432.28"
"technopulse.date","available","","₹288.74"
"technopulse.dating","available","","₹1,268.11"
"technopulse.dog","available","","₹433.83"
"technopulse.earth","available","","₹1,442.23"
"technopulse.exposed","available","","₹1,369.68"
"technopulse.faith","available","","₹506.37"
"technopulse.family","available","","₹1,514.77"
"technopulse.holiday","available","","₹3,183.34"
"technopulse.lgbt","available","","₹941.65"
"technopulse.love","available","","₹1,877.50"
"technopulse.memorial","available","","₹3,183.34"
"technopulse.men","available","","₹288.74"
"technopulse.party","available","","₹288.74"
"technopulse.rest","available","","₹108.82"
"technopulse.rip","available","","₹1,224.59"
"technopulse.singles","available","","₹433.83"
"technopulse.wedding","available","","₹1,877.50"
"technopulse.win","available","","₹288.74"
"technopulse.gay","available","","₹426.57"
"technopulse.band","available","","₹869.11"
"technopulse.news","available","","₹361.28"
"technopulse.pics","available","","₹716.76"
"technopulse.press","available","","₹361.28"
"technopulse.today","available","","₹216.19"
"technopulse.beer","available","","₹1,877.50"
"technopulse.cafe","available","","₹651.47"
"technopulse.coffee","available","","₹506.37"
"technopulse.fish","available","","₹2,022.60"
"technopulse.kitchen","available","","₹869.11"
"technopulse.menu","available","","₹2,312.78"
"technopulse.pizza","available","","₹651.47"
"technopulse.pub","available","","₹2,022.60"
"technopulse.recipes","available","","₹433.83"
"technopulse.restaurant","available","","₹869.11"
"technopulse.vin","available","","₹433.83"
"technopulse.vodka","available","","₹1,877.50"
"technopulse.wine","available","","₹433.83"
"technopulse.skin","available","","₹941.65"
"technopulse.city","available","","₹361.28"
"technopulse.kyoto","available","","₹5,142.10"
"technopulse.town","available","","₹433.83"
"technopulse.cruises","available","","₹3,183.34"
"technopulse.flights","available","","₹1,703.39"
"technopulse.reise","available","","₹5,722.47"
"technopulse.reisen","available","","₹1,369.68"
"technopulse.tours","available","","₹433.83"
"technopulse.travel","available","","₹869.11"
"technopulse.vacations","available","","₹433.83"
"technopulse.viajes","available","","₹3,183.34"
"technopulse.voyage","available","","₹3,183.34"
"technopulse.world","available","","₹216.19"
"technopulse.buzz","available","","₹288.74"
"technopulse.cool","available","","₹433.83"
"technopulse.fail","available","","₹2,022.60"
"technopulse.lol","available","","₹716.76"
"technopulse.ninja","available","","₹433.83"
"technopulse.plus","available","","₹433.83"
"technopulse.fun","available","","₹121.88"
"technopulse.monster","available","","₹129.86"
"technopulse.clinic","available","","₹433.83"
"technopulse.health","available","","₹724.74"
"technopulse.healthcare","available","","₹433.83"
"technopulse.surgery","available","","₹3,183.34"
"technopulse.vision","available","","₹252.46"
"technopulse.black","available","","₹941.65"
"technopulse.blue","available","","₹361.28"
"technopulse.pink","available","","₹361.28"
"technopulse.red","available","","₹361.28"
"technopulse.build","available","","₹4,706.82"
"technopulse.builders","available","","₹252.46"
"technopulse.zone","available","","₹433.83"
"technopulse.jetzt","available","","₹1,369.68"
"technopulse.uno","available","","₹354.03"
"technopulse.airforce","available","","₹2,022.60"